species,thousand_seed_weight_g,seeds_per_gram,seeds_per_oz,seeds_per_lb,material,collection_location
Acer saccharinum L.,55.2770,18.1,513,8206,half-samara,"Debrecen, HU"
Adenophora liliifolia (L.) A. DC.,0.1580,6329.1,179427,2870838,seed,"Vácrátót, HU"
Aethionema saxatile (L.) W. T. Aiton,0.3300,3030.3,85908,1374522,seed,"Pétfürdő, HU"
Allium atropurpureum Waldst. & Kit.,4.6670,214.3,6074,97191,seed,"Mindszent, HU"
Allium obliquum L.,3.3080,302.3,8570,137120,seed,"Vácrátót, HU"
Amaranthus caudatus L.,0.6580,1519.8,43084,689350,seed,"Budapest, HU"
Amaranthus crispus (Lesp. & Thévenau) J. M. Coult. & S. Watson,0.1770,5649.7,160167,2562669,seed,"Hajdúszoboszló, HU"
Amaranthus graecizans L.,0.2770,3610.1,102345,1637518,seed,"Vácrátót, HU"
Amaranthus hybridus L.,0.4770,2096.4,59433,950927,seed,"Budapest, HU"
Amaranthus powellii S. Watson,0.4940,2024.3,57388,918203,seed,"Budapest, HU"
Amaranthus viridis L.,0.7280,1373.6,38942,623066,seed,"Vácrátót, HU"
Antirrhinum majus L.,0.1110,9009.0,255401,4086418,seed,"Nagyvázsony, HU"
Apium graveolens L.,0.3590,2785.5,78968,1263488,achaenium,"Marburg, DE"
Arabidopsis halleri (L.) O'Kane & Al-Shehbaz,0.2000,5000.0,141748,2267962,seed,"Ghimeș, RO (Gh)"
Arabis alpina L.,0.1850,5405.4,153241,2451851,seed,"Budapest, HU"
Arctium nemorosum Lej.,13.3730,74.8,2120,33919,achaenium,"Gönc, HU"
Arenaria leptoclados (Rchb.) Guss.,0.0340,29411.8,833809,13340952,seed,"Rouen, FR"
Arnica montana L.,1.2410,805.8,22844,365506,achaenium,"Marburg, DE"
Artemisia alba Turra,0.2500,4000.0,113398,1814369,achaenium,"Marburg, DE"
Astrantia major L.,5.6620,176.6,5007,80112,achaenium,"Rouen, FR"
Atriplex hortensis L.,3.3880,295.2,8368,133882,seed (large seeds),"Vácrátót, HU"
Atriplex hortensis L.,1.8000,555.6,15750,251996,seed (small seeds),"Vácrátót, HU"
Atriplex micrantha Ledeb.,0.5980,1672.2,47407,758516,seed,"Vácrátót, HU"
Atriplex patula L.,1.6060,622.7,17652,282436,seed (large seeds),"Tápiószele, HU"
Atriplex patula L.,0.9300,1075.3,30483,487734,seed (small seeds),"Tápiószele, HU"
Atriplex rosea L.,1.0870,920.0,26080,417288,seed,"Vácrátót, HU"
Barbarea verna (Mill.) Asch.,1.2510,799.4,22661,362584,seed,"Gatersleben, DE"
Bidens frondosa L.,5.9210,168.9,4788,76607,achaenium,"Vácrátót, HU"
Bifora radians M. Bieb.,6.5160,153.5,4351,69612,achaenium,"Rostock, DE"
Blitum bonus-henricus (L.) Rchb.,2.7340,365.8,10369,165908,seed*,"Leipzig, DE"
Blitum virgatum L.,0.4830,2070.4,58695,939115,seed,"Brussels, BE"
Bolboschoenus laticarpus Marhold & al.,3.5070,285.1,8084,129339,nutlet,"Sajóörös, HU"
Brassica juncea (L.) Czern.,1.8410,543.2,15399,246384,seed,"Budapest, HU"
Brassica nigra (L.) W. D. J. Koch,1.5970,626.2,17752,284028,seed,"Copenhagen, DK"
Brassica oleracea L.,2.2200,450.5,12770,204321,seed,"Rouen, FR"
Buphthalmum salicifolium L.,2.0380,490.7,13910,222567,achaenium,"Rostock, DE"
Bupleurum rotundifolium L.,2.2390,446.6,12662,202587,achaenium,"Marburg, DE"
Callistephus chinensis (L.) Nees,1.4530,688.2,19511,312176,achaenium,"Copenhagen, DK"
Callitriche palustris L.,0.0470,21276.6,603181,9650901,seed,"Fülesd, HU"
Camelina rumelica Velen.,0.1930,5181.3,146889,2350220,seed,"Bükkzsérc, HU"
Capsella rubella Reut.,0.0880,11363.6,322153,5154459,seed,"Gatersleben, DE"
Caragana arborescens Lam.,26.4370,37.8,1072,17157,seed,"Vácrátót, HU"
Caragana frutex (L.) K. Koch,21.0300,47.6,1348,21569,seed,"Vácrátót, HU"
Cardamine amara L.,0.1480,6756.8,191551,3064813,seed,"Copenhagen, DK"
Cardamine occulta Hornem.,0.0830,12048.2,341560,5464968,seed,"Debrecen, HU"
Cardamine pratensis L.,0.4780,2092.1,59309,948938,seed,"Copenhagen, DK"
Carduus defloratus subsp. summanus (Pollini) Arcang.,2.3150,432.0,12246,195936,achaenium,"Marburg, DE"
Carex acuta L.,0.6270,1594.9,45215,723433,utriculus,"Oulu, FI"
Carex davalliana Sm.,1.1440,874.1,24781,396497,utriculus,"Oulu, FI"
Carex extensa Gooden.,0.4610,2169.2,61496,983931,utriculus,"Brussels, BE"
Carex hordeistichos Vill.,4.9090,203.7,5775,92400,utriculus,"Brussels, BE"
Carex lepidocarpa Tausch,1.0300,970.9,27524,440381,utriculus,"Ghimeș, RO (Gh)"
Carex muricata L.,4.5780,218.4,6193,99081,utriculus,"Brussels, BE"
Carthamus tinctorius L.,32.9380,30.4,861,13771,achaenium,"Rouen, FR"
Centaurea calcitrapa L.,1.6500,606.1,17182,274904,achaenium,"Marburg, DE"
Cerastium arvense L.,0.5100,1960.8,55587,889397,seed,"Marburg, DE"
Cerastium tomentosum L.,0.5050,1980.2,56138,898203,seed,"Vácrátót, HU"
Ceratophyllum tanaiticum Sapjegin,2.0660,484.0,13722,219551,carcerulus,"Drávafok, HU"
Chaerophyllum aureum L.,7.6920,130.0,3686,58969,achaenium,"Brussels, BE"
Chenopodiastrum murale (L.) S. Fuentes & al.,0.6920,1445.1,40967,655480,seed,"Budapest, HU"
Chenopodium opulifolium W. D. J. Koch & Ziz,0.5710,1751.3,49649,794382,seed,"Marburg, DE"
Chenopodium suecicum Murr,0.2010,4975.1,141042,2256678,seed,"Copenhagen, DK"
Circaea alpina L.,0.1480,6756.8,191551,3064813,carcerulus,"Moscow, RU"
Cirsium rivulare (Jacq.) All.,2.3930,417.9,11847,189550,achaenium,"Kétvölgy, HU"
Citrullus lanatus (Thunb.) Matsum. & Nakai,93.1760,10.7,304,4868,seed,"Copenhagen, DK"
Clinopodium menthifolium (Host) Stace,0.2170,4608.3,130643,2090287,carcerulus,"Caen, FR"
Coriandrum sativum L.,0.7960,1256.3,35615,569840,achaenium,"Rouen, FR"
Corispermum canescens Schult.,1.5670,638.2,18092,289465,seed,"Debrecen, HU"
Corispermum intermedium Schweigg.,1.9440,514.4,14583,233329,achaenium,"Rostock, DE"
Corydalis pumila (Host) Rchb.,2.1400,467.3,13247,211959,seed,"Balatonalmádi, HU"
Cosmos bipinnatus Cav.,6.4770,154.4,4377,70031,achaenium,"Budapest, HU"
Cota austriaca (Jacq.) Sch. Bip.,0.2730,3663.0,103844,1661511,achaenium,"Pécsvárad, HU"
Cotinus coggygria Scop.,7.4000,135.1,3831,61296,drupa,"Pétfürdő, HU"
Crepis mollis (Jacq.) Asch.,2.0890,478.7,13571,217134,achaenium*,"Rostock, DE"
Crepis pulchra L.,0.6320,1582.3,44857,717709,achaenium,"Brussels, BE"
Crepis vesicaria subsp. taraxacifolia (Thuill.) Thell.,0.2130,4694.8,133096,2129542,achaenium,"Keszthely, HU"
Cucumis melo L.,23.9490,41.8,1184,18940,seed,"Budapest, HU"
Cucumis sativus L.,17.9680,55.7,1578,25244,seed,"Kecskemét, HU"
Cucurbita maxima Duchesne,265.8330,3.8,107,1706,seed,"Tápiószele, HU"
Cucurbita pepo L.,149.8730,6.7,189,3027,seed,"Tápiószele, HU"
Cyanus mollis (Waldst. & Kit.) J. Presl & C. Presl,14.1350,70.7,2006,32090,achaenium*,"Rostock, DE"
Datura innoxia Mill.,6.7940,147.2,4173,66764,seed,"Vácrátót, HU"
Dianthus barbatus L.,0.7650,1307.2,37058,592931,seed,"Budapest, HU"
Dianthus plumarius L.,1.4900,671.1,19027,304424,seed,"Oulu, FI"
Digitalis purpurea L.,0.0840,11904.8,337494,5399909,seed,"Camargue, FR"
Diplachne fascicularis (Lam.) P. Beauv.,0.4130,2421.3,68643,1098287,caryopsis,"Cegléd, HU"
Doronicum austriacum Jacq.,1.2700,787.4,22322,357159,achaenium,"Marburg, DE"
Dracocephalum ruyschiana L.,2.9280,341.5,9682,154915,carcerulus,"Marburg, DE"
Dysphania ambrosioides (L.) Mosyakin & Clemants,0.2440,4098.4,116186,1858985,seed*,"Vácrátót, HU"
Dysphania botrys (L.) Mosyakin & Clemants,0.1570,6369.4,180570,2889123,seed,"Vácrátót, HU"
Dysphania pumilio (R. Br.) Mosyakin & Clemants,0.0060,166666.7,4724917,75598728,seed,"Budapest, HU"
Dysphania schraderiana (Schult.) Mosyakin & Clemants,0.2250,4444.4,125998,2015966,seed,"Marburg, DE"
Ecballium elaterium (L.) A. Rich.,12.1630,82.2,2331,37293,seed,"Kaszaper, HU"
Echium plantagineum L.,2.2800,438.6,12434,198944,carcerulus,"Budapest, HU"
Eclipta prostrata (L.) L.,0.2500,4000.0,113398,1814369,achaenium,"Szeged, HU"
Epilobium ciliatum Raf.,0.0400,25000.0,708738,11339809,seed,"Oulu, FI"
Epilobium hirsutum L.,0.0900,11111.1,314994,5039915,seed,"Kisújszállás, HU"
Epilobium obscurum Schreb.,0.0610,16393.4,464746,7435940,seed,"Caen, FR"
Erigeron sumatrensis Retz.,0.0130,76923.1,2180731,34891721,achaenium,"Debrecen, HU"
Eruca vesicaria (L.) Cav.,1.4210,703.7,19950,319206,seed,"Budapest, HU"
Erysimum cheiranthoides L.,0.2030,4926.1,139653,2234445,seed,"Veseli nad Moravou, CZ (Gh)"
Erysimum crepidifolium Rchb.,0.7160,1396.6,39594,633509,seed,"Vácrátót, HU"
Erythronium dens-canis L.,5.7700,173.3,4913,78612,seed,"Csöde, HU"
Eschscholzia californica Cham.,1.7510,571.1,16190,259048,seed,"Caen, FR"
Euphorbia lathyris L.,43.0270,23.2,659,10542,seed,"Debrecen, HU"
Euphorbia prostrata Aiton,0.1370,7299.3,206931,3310893,seed,"Bonyhád, HU"
Euphorbia serpens Kunth,0.2260,4424.8,125440,2007046,seed,"Debrecen, HU"
Filago minima (Sm.) Pers.,0.0200,50000.0,1417475,22679618,achaenium,"Létavértes, HU"
Foeniculum vulgare Mill.,5.5250,181.0,5131,82098,achaenium,"Keszthely, HU"
Galeopsis bifida Boenn.,3.0170,331.5,9397,150345,carcerulus,"Körmend, HU"
Galeopsis pubescens Besser,2.8320,353.1,10010,160167,carcerulus,"Marburg, DE"
Galeopsis segetum Neck.,1.9390,515.7,14621,233931,carcerulus,"Marburg, DE"
Galium divaricatum Lam.,0.1390,7194.2,203953,3263254,mericarp,"Caen, FR"
Galium parisiense L.,7.4660,133.9,3797,60754,mericarp,"Budapest, HU"
Galium pumilum Murray,0.8800,1136.4,32215,515446,mericarp,"Rouen, FR"
Galium sylvaticum L.,0.7860,1272.3,36068,577090,mericarp,"Brussels, BE"
Galium tricornutum Dandy,10.9700,91.2,2584,41348,mericarp,"Brussels, BE"
Gentiana cruciata L.,0.1220,8196.7,232373,3717970,seed,"Budapest, HU"
Geranium bohemicum L.,8.3410,119.9,3399,54381,seed,"Copenhagen, DK"
Geranium palustre L.,3.4890,286.6,8125,130006,seed,"Leipzig, DE"
Geranium sibiricum L.,2.6730,374.1,10606,169694,seed,"Leipzig, DE"
Geranium sylvaticum L.,7.0030,142.8,4048,64771,seed,"Caen, FR"
Ginkgo biloba L.,1289.4290,0.8,22,352,seed,"Gyula, HU"
Glaucium corniculatum (L.) Rudolph,0.9810,1019.4,28899,462378,seed,"Brno, CZ"
Glaucium flavum Crantz,1.0740,931.1,26396,422339,seed,"Brno, CZ"
Globularia bisnagarica L.,0.6570,1522.1,43150,690399,achaenium,"Budapest, HU"
Glycine max (L.) Merr.,164.8700,6.1,172,2751,seed,"Szabadkígyós, HU"
Gypsophila perfoliata L.,0.3370,2967.4,84123,1345971,seed,"Miskolc, HU"
Gypsophila scorzonerifolia Ser.,0.5320,1879.7,53289,852617,seed,"Vácrátót, HU"
Helianthemum canum (L.) Baumg.,1.3680,731.0,20723,331573,seed,"Leipzig, DE"
Helianthemum nummularium (L.) Mill.,1.3700,729.9,20693,331089,seed,"Leipzig, DE"
Helianthus laetiflorus Pers.,7.7620,128.8,3652,58438,achaenium,"Vácrátót, HU"
Helianthus tuberosus L.,6.0920,164.1,4654,74457,achaenium,"Vácrátót, HU"
Heracleum mantegazzianum Sommier & Levier,9.8810,101.2,2869,45906,achaenium,"Oulu, FI"
Herniaria hirsuta L.,0.0590,16949.2,480500,7688006,seed,"Rouen, FR"
Hippuris vulgaris L.,0.9760,1024.6,29047,464746,seed,"Bakonybél, HU"
Hydrocotyle leucocephala Cham. & Schltdl.,0.2900,3448.3,97757,1564112,achaenium,"Kiskunfélegyháza, HU"
Hydrocotyle verticillata Thunb.,0.6730,1485.9,42124,673986,achaenium,"Kiskunfélegyháza, HU"
Hydrocotyle vulgaris L.,0.5100,1960.8,55587,889397,achaenium,"Balatonfenyves, HU"
Iberis umbellata L.,2.6120,382.8,10854,173657,seed,"Brussels, BE"
Impatiens balfourii Hook. f.,4.1630,240.2,6810,108958,seed,"Tata, HU"
Iva xanthiifolia Nutt.,1.0220,978.5,27739,443828,achaenium,"Rostock, DE"
Jacobaea aquatica (Hill) G. Gaertn. & al.,0.3020,3311.3,93873,1501961,achaenium,"Copenhagen, DK"
Juncus maritimus Lam.,0.0230,43478.3,1232587,19721407,seed,"Hegykő, HU"
Kitaibela vitifolia Willd.,3.2730,305.5,8662,138586,mericarp,"Budapest, HU"
Lactuca perennis L.,1.6810,594.9,16865,269835,achaenium,"Marburg, DE"
Lactuca sativa L.,1.1220,891.3,25267,404271,achaenium,"Tápiószele, HU"
Lathyrus vernus (L.) Bernh.,16.0380,62.4,1768,28282,seed,"London, UK"
Leersia oryzoides (L.) Sw.,1.1930,838.2,23763,380212,caryopsis,"Balmazújváros, HU"
Legousia speculum-veneris (L.) Chaix,0.2030,4926.1,139653,2234445,seed,"Freising-Pulling, DE"
Lepidium graminifolium L.,0.2650,3773.6,106979,1711669,seed,"Budapest, HU"
Lepidium sativum L.,1.8100,552.5,15663,250604,seed,"Budapest, HU"
Linaria arvensis (L.) Desf.,0.2170,4608.3,130643,2090287,seed,"Rouen, FR"
Linum dolomiticum Borbás,1.3880,720.5,20425,326796,seed,"Budapest, HU"
Linum flavum L.,1.2280,814.3,23086,369375,seed,"Budapest, HU"
Linum usitatissimum L.,6.1530,162.5,4607,73719,seed,"Budapest, HU"
Lonicera caprifolium L.,11.3750,87.9,2492,39876,seed,"Kaunas, LV"
Lonicera tatarica L.,3.4930,286.3,8116,129858,seed,"Kaunas, LV"
Lotus pedunculatus Cav.,0.4510,2217.3,62859,1005748,seed,"Gatersleben, DE"
Ludwigia repens J. R. Forst.,0.0320,31250.0,885922,14174762,seed,"Tata, HU"
Lunaria annua L.,23.8250,42.0,1190,19039,seed,"Rostock, DE"
"Luzula divulgata Kirschner, J.",0.5880,1700.7,48213,771416,seed,"Deușu, RO (Gh)"
Lycium barbarum L.,1.5770,634.1,17977,287630,seed,"Nijmegen, NL"
Lycium chinense Mill.,1.6880,592.4,16795,268716,seed,"Nijmegen, NL"
Lycopersicon esculentum Mill.,3.1460,317.9,9011,144181,seed,"Kecskemét, HU"
Malva thuringiaca (L.) Vis.,3.6930,270.8,7677,122825,mericarp,"Tatabánya, HU"
Mimulus guttatus DC.,0.0280,35714.3,1012482,16199727,seed,"Oulu, FI"
Moenchia mantica (L.) Bartl.,0.0900,11111.1,314994,5039915,seed,"Szőce, HU"
Muscari tenuiflorum Tausch,2.2100,452.5,12828,205245,seed,"Bükkzsérc, HU"
Myosotis arvensis (L.) Hill,0.2870,3484.3,98779,1580461,carcerulus,"Gyula, HU"
Najas gracillima (Engelm.) Magnus,0.1700,5882.4,166762,2668190,seed,"Szarvas, HU"
Nasturtium officinale W. T. Aiton,0.1300,7692.3,218073,3489172,seed,"Rouen, FR"
Nepeta cataria L.,0.6540,1529.1,43348,693566,carcerulus,"Budapest, HU"
Nicotiana rustica L.,0.1920,5208.3,147654,2362460,seed,"Budapest, HU"
Nicotiana tabacum L.,0.0720,13888.9,393743,6299894,seed,"Tápiószele, HU"
Oenanthe fistulosa L.,2.5770,388.0,11001,176016,achaenium,"Nijmegen, NL"
Opuntia humifusa (Raf.) Raf.,22.7800,43.9,1244,19912,seed,"Kunbaracs, HU"
Opuntia phaeacantha Engelm.,29.9300,33.4,947,15155,seed,"Budapest, HU"
Panicum dichotomiflorum Michx.,0.9000,1111.1,31499,503992,caryopsis,"Körmend, HU"
Papaver somniferum L.,0.2170,4608.3,130643,2090287,seed,"Nijmegen, NL"
Paronychia cephalotes (M. Bieb.) Besser,0.3570,2801.1,79410,1270567,seed,"Pétfürdő, HU"
Persicaria minor (Huds.) Opiz,0.5450,1834.9,52017,832280,carcerulus,"Füzesabony, HU"
Persicaria orientalis (L.) Spach,7.6210,131.2,3720,59519,carcerulus,"Budapest, HU"
Petasites hybridus (L.) G. Gaertn. & al.,0.1370,7299.3,206931,3310893,achaenium,"Regéc, HU"
Petroselinum crispum (Mill.) Fuss,1.1540,866.6,24566,393061,achaenium,"Tápiószele, HU"
Phaseolus coccineus L.,361.6500,2.8,78,1254,seed,"Tartu, FI"
Phaseolus vulgaris L.,410.2160,2.4,69,1106,seed,"Copenhagen, DK"
Pilosella piloselloides (Vill.) Soják,0.0750,13333.3,377993,6047898,achaenium,"Tard, HU"
Plantago argentea Chaix,1.6980,588.9,16696,267133,seed,"Budapest, HU"
Plantago coronopus L.,0.1200,8333.3,236246,3779936,seed,"Vashosszúfalu, HU"
Plantago lanceolata L.,1.1940,837.5,23743,379893,seed,"Budapest, HU"
Poa pratensis L.,0.2530,3952.6,112053,1792855,caryopsis,"Ghimeș, RO (Gh)"
Polemonium reptans L.,1.2400,806.5,22862,365800,carcerulus,"Debrecen, HU"
Polycarpon tetraphyllum (L.) L.,0.0030,333333.3,9449833,151197457,seed,"Budapest, HU"
Potamogeton coloratus Hornem.,0.5850,1709.4,48461,775372,carcerulus,"Raposka, HU"
Potamogeton lucens L.,3.1730,315.2,8935,142954,carcerulus,"Gávavencsellő, HU"
Potamogeton natans L.,5.8500,170.9,4846,77537,carcerulus,"Kaszó, HU"
Potentilla pusilla Host,0.2300,4347.8,123259,1972141,nucula,"Ghimeș, RO (Gh)"
Prunella grandiflora (L.) Scholler,1.0210,979.4,27766,444263,seed,"Budapest, HU"
Prunus fruticosa Pall.,99.3550,10.1,285,4565,drupa,"Tolcsva, HU"
Pulsatilla alpina (L.) Delarbre,3.2000,312.5,8859,141748,nucula,"Štrba, SK"
Quercus pubescens Willd.,1858.3160,0.5,15,244,glans,"Szarvaskő, HU"
Radiola linoides Roth,0.0040,250000.0,7087375,113398092,seed,"Nagyhuta, HU"
Ranunculus peltatus Schrank,0.3050,3278.7,92949,1487188,nucula,"Hortobágy, HU"
Ranunculus rionii Lagger,0.0060,166666.7,4724917,75598728,nucula,"Polgár, HU"
Raphanus raphanistrum L.,10.3360,96.7,2743,43885,seed,"Nijmegen, NL"
Reynoutria japonica Houtt.,1.3230,755.9,21428,342851,carcerulus,"Budapest, HU"
Rorippa amphibia (L.) Besser × Rorippa sylvestris (L.) Besser,0.0370,27027.0,766203,12259253,seed,"Zalalövő, HU"
Rorippa austriaca (Crantz) Besser,0.0430,23255.8,659291,10548660,seed,"Gyula, HU"
Rubus praecox Bertol.,3.5700,280.1,7941,127057,seed,"Karcag, HU"
Rumex kerneri Borbás,1.6550,604.2,17130,274074,carcerulus,"Budapest, HU"
Rumex pulcher L.,0.7570,1321.0,37450,599197,carcerulus,"Brussels, BE"
Rumex rugosus Campd.,0.7830,1277.1,36206,579301,carcerulus,"Budapest, HU"
Sagina apetala Ard.,0.0100,100000.0,2834950,45359237,seed,"Caen, FR"
Sagittaria subulata (L.) Buchenau,0.2400,4166.7,118123,1889968,carcerulus,"Miskolc, HU"
Salsola soda L.,3.3950,294.6,8350,133606,capsule,"Zagreb, HR"
Salvia aethiopis L.,2.0030,499.3,14154,226457,carcerulus,"Esztergom, HU"
Salvia officinalis L.,6.7820,147.4,4180,66882,carcerulus,"Rostock, DE"
Salvia sclarea L.,3.9570,252.7,7164,114630,carcerulus,"Leipzig, DE"
Salvia verbenaca L.,2.2200,450.5,12770,204321,carcerulus,"Leipzig, DE"
Scabiosa canescens Waldst. & Kit.,0.7720,1295.3,36722,587555,achaenium,"Budapest, HU"
Scilla spetana Kereszty,6.6200,151.1,4282,68518,seed,"Nadap, HU"
Scorzonera purpurea L.,4.8130,207.8,5890,94243,achaenium,"Miskolc, HU"
Scrophularia scopolii Hoppe,0.0220,45454.5,1288614,20617835,seed,"Vácrátót, HU"
Scutellaria columnae All.,2.0430,489.5,13876,222023,carcerulus,"Tatabánya, HU"
Senecio nemorensis L.,0.8100,1234.6,34999,559991,achaenium,"Moscow, RU"
Senecio ovatus (G. Gaertn. & al.) Hoppe,1.2330,811.0,22992,367877,achaenium,"Nijmegen, NL"
Senecio rupestris Waldst. & Kit.,0.3070,3257.3,92344,1477500,achaenium,"Marburg, DE"
Senecio sarracenicus L.,0.6870,1455.6,41266,660251,achaenium,"Ásványráró, HU"
Setaria italica (L.) P. Beauv.,2.2650,441.5,12516,200262,caryopsis*,"Basel, CH"
Silaum silaus (L.) Schinz & Thell.,1.9960,501.0,14203,227251,achaenium,"Rouen, FR"
Silene noctiflora L.,0.5570,1795.3,50897,814349,seed,"Celldömölk, HU"
Silybum marianum (L.) Gaertn.,26.0420,38.4,1089,17418,achaenium,"Debrecen, HU"
Sinapis alba L.,5.5760,179.3,5084,81347,seed,"Budapest, HU"
Sisymbrium officinale (L.) Scop.,0.1710,5848.0,165787,2652587,seed,"Budapest, HU"
Sisyrinchium angustifolium Mill.,0.8130,1230.0,34870,557924,seed,"Oulu, FI"
Sium sisarum L.,1.1690,855.4,24251,388017,achaenium,"Rouen, FR"
Solanum alatum Moench,0.3440,2907.0,82411,1318582,seed,"Nijmegen, NL"
Solanum rostratum Dunal,2.3890,418.6,11867,189867,seed,"Budapest, HU"
Sorbus domestica L.,72.9470,13.7,389,6218,seed,"Barabás, HU"
Sorghum bicolor (L.) Moench,19.9300,50.2,1422,22759,caryopsis*,"Vácrátót, HU"
Sorghum drummondii (Steud.) Millsp. & Chase,19.3570,51.7,1465,23433,caryopsis,"Vácrátót, HU"
Sporobolus cryptandrus (Torr.) A. Gray,0.0830,12048.2,341560,5464968,caryopsis,"Kecskemét, HU"
Staphylea pinnata L.,365.1600,2.7,78,1242,seed,"Miskolc, HU"
Stellaria alsine Grimm,0.1240,8064.5,228625,3658003,seed,"Vácrátót, HU"
Stellaria neglecta (Lej.) Weihe,0.4170,2398.1,67984,1087751,seed,"Háromhuta, HU"
Stellaria nemorum L.,0.1400,7142.9,202496,3239946,seed,"Körmend, HU"
Sternbergia colchiciflora Waldst. & Kit.,7.8500,127.4,3611,57782,seed,"Balatonkenese, HU"
Styphnolobium japonicum (L.) Schott,45.9870,21.7,616,9863,seed,"Nyíregyháza, HU"
Symphyotrichum ciliatum (Ledeb.) G. L. Nesom,0.1830,5464.5,154915,2478647,achaenium,"Muhi, HU"
Tagetes erecta L.,3.4910,286.5,8121,129932,achaenium,"Debrecen, HU"
Tagetes patula L.,1.8120,551.9,15645,250327,achaenium,"Debrecen, HU"
Taraxacum besarabicum (Hornem.) Hand.-Mazz.,0.5830,1715.3,48627,778032,achaenium,"Balmazújváros, HU"
Tephroseris integrifolia (L.) Holub,0.7070,1414.4,40098,641573,achaenium,"Miskolc, HU"
Thladiantha dubia Bunge,11.4910,87.0,2467,39474,seed,"Gatersleben, DE"
Thymus serpyllum L.,0.1500,6666.7,188997,3023949,carcerulus,"Marburg, DE"
Thymus vulgaris L.,0.2980,3355.7,95133,1522122,carcerulus,"London, UK"
Tradescantia virginiana L.,4.3430,230.3,6528,104442,seed,"Nijmegen, NL"
Tragopogon porrifolius L.,14.3120,69.9,1981,31693,achaenium,"Marburg, DE"
Trifolium incarnatum L.,3.4400,290.7,8241,131858,seed,"Kaba, HU"
Trifolium lappaceum L.,1.0600,943.4,26745,427917,seed,"Prešov, SK"
Trifolium resupinatum L.,1.0400,961.5,27259,436147,seed,"Villány, HU"
Triticum aestivum L.,37.5590,26.6,755,12077,caryopsis,"Komló, HU"
Typha minima Hoppe,0.0230,43478.3,1232587,19721407,caryopsis,"Azerbaijan, AZE"
Vaccaria hispanica (Mill.) Rauschert,8.8050,113.6,3220,51515,seed,"Gatersleben, DE"
Verbascum nigrum L.,0.1000,10000.0,283495,4535924,seed,"Brussels, BE"
Veronica agrestis L.,0.2760,3623.2,102716,1643451,seed,"Oulu, FI"
Veronica beccabunga L.,0.0460,21739.1,616293,9860704,seed,"Leipzig, DE"
Veronica peregrina L.,0.0400,25000.0,708738,11339809,seed,"Ebes, HU"
Vicia dumetorum L.,51.6350,19.4,549,8785,seed,"Gatersleben, DE"
Vicia ervilia (L.) Willd.,34.6550,28.9,818,13089,seed,"Caen, FR"
Vicia faba L.,778.3180,1.3,36,583,seed,"Tápiószele, HU"
Vicia lutea L.,73.0670,13.7,388,6208,seed,"Gatersleben, DE"
Vicia oroboides Wulfen,18.9160,52.9,1499,23979,seed,"Zagreb, HR"
Vicia sparsiflora Ten.,12.4620,80.2,2275,36398,seed,"Balatonrendes, HU"
Vincetoxicum hirundinaria Medik.,5.8570,170.7,4840,77444,seed,"Tatabánya, HU"
Viola prionantha Bunge,0.9750,1025.6,29076,465223,seed,"Debrecen, HU"
Viola tricolor L.,0.6560,1524.4,43216,691452,seed,"Baselland, CH"
Xanthium orientale subsp. italicum (Moretti) Greuter,221.2300,4.5,128,2050,infrutescens,"Gerendás, HU"
Xanthium strumarium L.,68.9170,14.5,411,6582,infrutescens,"Hortobágy, HU"
Zannichellia palustris L.,0.4290,2331.0,66083,1057325,nucula,"Tata, HU"
Zea mays L.,305.6790,3.3,93,1484,caryopsis,"Komló, HU"
Zinnia elegans Jacq.,5.4310,184.1,5220,83519,achaenium,"Copenhagen, DK"
