source,crop,check,published,implied_or_other_source,ratio,status,notes
osborne,Cauliflower,internal_oz_vs_lb,"100,000-200,000","100,000",1.50,FAIL,"seeds/oz x 16 implies 100,000 per lb; published seeds/lb is 100,000-200,000"
osborne,Pumpkin,internal_oz_vs_lb,"2,500-4,000","2,400",1.35,FAIL,"seeds/oz x 16 implies 2,400 per lb; published seeds/lb is 2,500-4,000"
unl_g2090,Tomato,internal_oz_vs_gram,"700-1,200","9,639",0.10,FAIL,"seeds/gram implies 9,639 per oz; published seeds/oz is 700-1,200"
unl_g2090,Turnip,internal_oz_vs_gram,"1,500","14,175",0.11,FAIL,"seeds/gram implies 14,175 per oz; published seeds/oz is 1,500"
unl_g2090 vs osborne,"Bean, Lima",cross_source_seeds_per_oz,UNL 25-75,Osborne 95-115,0.48,DISAGREE,"sources differ by 2.1x; tool must present a range, not a point value"
unl_g2090 vs osborne,Broccoli,cross_source_seeds_per_oz,"UNL 9,000","Osborne 6,250",1.44,DISAGREE,"sources differ by 1.4x; tool must present a range, not a point value"
unl_g2090 vs osborne,Cauliflower,cross_source_seeds_per_oz,"UNL 9,000","Osborne 6,250",1.44,DISAGREE,"sources differ by 1.4x; tool must present a range, not a point value"
unl_g2090 vs osborne,Chinese Cabbage,cross_source_seeds_per_oz,"UNL 18,000","Osborne 9,400",1.91,DISAGREE,"sources differ by 1.9x; tool must present a range, not a point value"
unl_g2090 vs osborne,Kale,cross_source_seeds_per_oz,"UNL 9,000","Osborne 6,250",1.44,DISAGREE,"sources differ by 1.4x; tool must present a range, not a point value"
unl_g2090 vs osborne,Kohlrabi,cross_source_seeds_per_oz,"UNL 9,000","Osborne 6,250",1.44,DISAGREE,"sources differ by 1.4x; tool must present a range, not a point value"
unl_g2090 vs osborne,Lettuce,cross_source_seeds_per_oz,"UNL 25,000","Osborne 3,125",8.00,DISAGREE,"sources differ by 8.0x; tool must present a range, not a point value"
unl_g2090 vs osborne,Parsley,cross_source_seeds_per_oz,"UNL 18,500","Osborne 9,375",1.97,DISAGREE,"sources differ by 2.0x; tool must present a range, not a point value"
unl_g2090 vs osborne,Parsnip,cross_source_seeds_per_oz,"UNL 12,000","Osborne 6,250",1.92,DISAGREE,"sources differ by 1.9x; tool must present a range, not a point value"
unl_g2090 vs osborne,Pea,cross_source_seeds_per_oz,UNL 90-175,Osborne 60-125,1.43,DISAGREE,"sources differ by 1.4x; tool must present a range, not a point value"
unl_g2090 vs osborne,Pepper,cross_source_seeds_per_oz,"UNL 4,500","Osborne 3,125",1.44,DISAGREE,"sources differ by 1.4x; tool must present a range, not a point value"
unl_g2090 vs osborne,Tomato,cross_source_seeds_per_oz,"UNL 700-1,200","Osborne 10,300",0.09,DISAGREE,"sources differ by 10.8x; tool must present a range, not a point value"
unl_g2090 vs osborne,Turnip,cross_source_seeds_per_oz,"UNL 1,500","Osborne 11,900",0.13,DISAGREE,"sources differ by 7.9x; tool must present a range, not a point value"
nrcs_tx_seeds_per_pound,"Indiangrass, Yellow (Processed)",external_spot_check,"175,000","175,000",1.00,PASS,"NRCS published Indiangrass average 175,000/lb"
nrcs_tx_seeds_per_pound,"Bluestem, Little (Combine Run)",external_spot_check,"255,000","255,000",1.00,PASS,"Standard little bluestem figure 255,000/lb"
nrcs_tx_seeds_per_pound,"Vetch, Hairy",external_spot_check,"17,000","18,000",0.94,PASS,"Hairy vetch commonly 16,000-20,000/lb"
ipgri_1996_appendix1,all species,viability_equation_end_to_end,65 of 66 within 3pct,compendium published longevity column,1.00,PASS,"Recomputed sigma at -20 C and 5 pct MC from the extracted KE/CW/CH/CQ and compared with the compendium's own published 'years of storage' column. 65 of 66 complete rows agree within 3 pct. Validates the extraction, the equation implementation and the parameter set together."
ipgri_1996_appendix1,Ranunculus sceleratus,viability_equation_end_to_end,24,25,1.05,PASS,"Only row outside 3 pct. The published value is the integer 24 against a computed 25, which is rounding on a small number and no data error."
hay_vs_dickie,Lactuca sativa,KE_transcription_conflict,6.895,6.985,0.99,FAIL,"Dickie & Ellis 1990 scan OCRs KE as 6-985 but the correct value is 6.895. Hay's worked examples reproduce 56040 d and 12404 d exactly only with 6.895, and the 1996 compendium appendix independently lists 6.895. The same scan renders sativa as saliva. Use 6.895."
ellis_roberts_1980b_vs_dickie_1990,Hordeum vulgare,parameterisation_mismatch,KE 9.983 CW 5.896 CH 0.040 CQ 0.000428,KE 9.144 CW 5.342 CH 0.0329 CQ 0.000478,3.66,DISAGREE,"Two VALID but non-interchangeable barley parameterisations. At 6.17 pct MC and -20 C the 1980b species-specific set gives 2453 y and the 1990 universal-CH/CQ set gives 671 y. Mixing 1980b KE/CW with universal CH/CQ gives a third wrong answer (1689 y). The engine must bind KE, CW, CH and CQ as one atomic parameter set per source row and never mix across rows."
ipgri_1996_appendix1,Allium cepa,duplicate_species_rows,KE 6.975 CW 3.47 CH 0.04,KE 9.083 CW 5.81 CH 0.0329,2.00,DISAGREE,"The appendix carries two independent onion determinations from different studies, giving 413 y and 843 y respectively at -20 C/5 pct MC. Several species have multiple rows (Cicer, Glycine, Guizotia, Lactuca, Oryza, Phleum, Eragrostis, Liquidambar). The tool must surface the spread rather than silently picking one."
figshare_tsw vs wpsm,Acer saccharinum,cross_source_seeds_per_lb,"figshare 8,206/lb (TSW 55.277 g)","WPSM 1,780/lb (3,930/kg)",4.61,DISAGREE,"CORRECTION. An earlier audit row claimed figshare agreed with WPSM at ~7,900/lb; that reference value was asserted from memory and never checked, and is wrong - it appears to have been sugar maple (Acer saccharum, WPSM 7,030/lb). The real WPSM silver maple figure is 1,780/lb, so the two sources disagree 4.6x. WPSM range is 900-3,200/lb, and figshare sits far outside it. The figshare record is annotated half-samara and was collected in Debrecen HU; prefer WPSM for this species and treat the figshare woody-species rows with caution."
wpsm,all species,kg_lb_invariant,479 rows,ratio must equal 2.20462,1.00,PASS,"Every extracted value is a kg/lb pair validated against the 2.2046 lb-per-kg invariant at 2 percent tolerance. Zero failures across 479 rows. This is the extraction criterion itself, so a value can only enter the file if its two published unit forms agree - which also makes it safe to scan pdftotext -layout, whose mis-alignments simply fail the test instead of producing bad data."
wpsm,Pinus / conifers,unit_scale_trap,"Clean seeds (x1,000)/wt",raw figures are thousands,1000,FAIL,"The Pinus chapter tabulates counts in THOUSANDS; read naively they are 1000x low. Detected via the (x1,000) header and scaled. Validated exactly against jack pine 131,000/lb, eastern white pine 26,000/lb and loblolly 18,000/lb."
wpsm,extraction method,pdftotext_mode_coverage,-table only: 419 species / 68 genera,-table + -layout + -raw: 479 / 79,1.14,PASS,"No single pdftotext mode renders all WPSM tables. -table handles most; -layout adds row-major tables it mangles; -raw is the ONLY mode that linearises the column-major tables, which is how Picea (13 species) and Fraxinus (9) were recovered. All three modes are scanned and merged, with -table preferred on ties."
wpsm,Sciatopitys verticillata,source_spelling_error,Sciatopitys,Sciadopitys,,FAIL,"WPSM prints Sciatopitys; the accepted genus is Sciadopitys (Japanese umbrella pine). Left as printed in the CSV per the convention that extracted files reproduce their source, with the correction recorded here. Normalise on join."
wpsm,Liquidambar / Populus / Laburnum,coverage_gap,0 rows,present in source,,DISAGREE,"These express seed counts in prose forms that bind to a common name rather than a binomial (e.g. ""Scotch laburnum, 31,966 to 35,004/kg""). Attributing them would risk assigning a value to the wrong taxon, so they are dropped rather than guessed. 79 of 236 genera captured overall."
demir2011 vs kew_appendix,Cucumis melo,parameterisation_conflict,Demir 2011: KE 6.11 CW 2.59 CH 0.0329 CQ 0.000478,Kuo 1991 via Kew: KE 7.299 CW 3.707 CH 0.0367 CQ 0.000473,3.06,DISAGREE,Two published determinations for melon. At 5 pct MC and -20 C the Kew/Kuo set predicts about 490 years (matching the compendium published column) and the Demir set about 160 years - a 3x spread. Neither is wrong; show both or pick one explicitly and say which. Never mix constants across the two rows.
kew_1998_vol2,3199 species,storage_behaviour_extraction,3199 rows,2939 orthodox / 182 recalcitrant / 78 intermediate,,PASS,"Extracted from the OCR scan by matching the regular ""Storage behaviour: <class>"" entry format. Family column deliberately NOT recorded: page-header family tracking drifts and produced wrong attributions (Abroma as Solanaceae). Uncertain (?) and provisional (p) markers from the source are preserved as columns."
kew_1998_vol2,coverage,volume_split_gap,271 of 1021 index taxa matched,vol 1 families absent,,DISAGREE,"Vol 2 covers families I-Z only. Quercus (Fagaceae), Hevea (Euphorbiaceae), Dipterocarpus and Shorea (Dipterocarpaceae) return zero rows, as do all Gramineae, Cruciferae, Compositae, Cucurbitaceae and Chenopodiaceae. The curated storage_behaviour_flags.csv therefore still carries the critical oak/hickory/chestnut/beech/walnut safety flags. Volume 1 would replace them with sourced values."
demir2009_pepper,Capsicum annuum,secondary_value_confirmed,secondary summary: KE 7.767 CW 4.670,primary PDF: KE 7.767 CW 4.670,1.00,PASS,The pepper constants were carried for two rounds as unverified_secondary and excluded from the engine. The primary PDF confirms both figures exactly. Status raised to verified_pdf.
ipgri_1996_appendix1,Swietenia humilis,source_misspelling,Swietinia humilis,Swietenia humilis,,FAIL,"Appendix I prints mahogany as Swietinia. The CSV keeps the source spelling; the generator folds the row onto Swietenia humilis through BINOMIAL_ALIASES, where it merges with the identical Dickie & Ellis 1990 set. Before the fix the bundle shipped the species twice, one copy with no storage-behaviour record."
ipgri_1996_appendix1,5 parameter sets,temperature_turning_point,published at -20 C,turning point warmer than -25 C,,DISAGREE,"Liquidambar styraciflua (-2.7 C and -15.8 C), Pinus elliottii (-16.1 C) and Pinus occidentalis (-8.2 C and -21.1 C) have CH and CQ whose quadratic peaks above -25 C. Below -CH/(2 CQ) the equation predicts colder storage shortens life. The compendium's own -20 C column is evaluated past the turning point for four of the five. The engine holds each set at its turning point and flags it."
hay_worked_example,Lactuca sativa,intermediate_rounding,453374 d,453380 d,1.00,PASS,Hay multiplies the rounded sigma 56040 by the rounded probit 8.0902. Unrounded sigma 56040.38 and probit 8.09023 give 453380 d. Pin the printed figure to 2e-5 relative.
groot_2025_oxygen,Lactuca sativa,jar_volume,74 mL,47 mL,,DISAGREE,"Groot et al. 2025 retell the 2015 lettuce oxygen-uptake jar as 74 mL. The 2015 methods and figure caption both give 47 mL with 18 mL of seed. The tool uses 47 mL; the 2015 figure (one third left at a year) reproduces the 2025 time points of 15, 10 and just above 5% within 0.2 points, so the time course is not in doubt, only the volume."
groot_2025_oxygen,Apium graveolens,oxygen_exponent,1.72 per halving and 10.8 at 1%,log2(1.72) = 0.7824,1.00,PASS,Both published figures come out of one exponent: 0.5^-0.7824 = 1.72 and (20.9/1)^0.7824 = 10.79 against the printed 1.72^4.39 = 10.8. Table 1 averages -0.78 over the three dry levels.
groot_2025_oxygen,Lactuca sativa,cross_study_effect_size,about 1.2 at 2% O2,6.3 at 2% O2 from the celery exponent,,DISAGREE,"Groot et al. 2025 estimate Schwember & Bradford 2011 lettuce (37 C, 32% RH) at about 20% longer life at 2% than 21% oxygen, against 6.3x from the celery model. Their own preliminary lettuce and onion EPPO data give about 1.8 per halving. The tool applies the oxygen factor to the upper end of a projection only."
usda_ah506,all,harrington_temperature_rule,"5 C per halving, valid 0-50 C (Justice & Bass 1978 quoting Harrington 1972)",10 F (5.6 C) per halving (Groot et al. 2025; CPC),1.11,DISAGREE,"Two archived restatements of Harrington 1972 disagree on the interval. Over 20 C a 5 C rule gives 2^4 = 16x and a 10 F rule 2^3.6 = 12.1x. The tool spans both, with the Ellis-Roberts temperature terms, and averages none."
usda_ah506,all,harrington_temperature_limit,0-50 C,0-50 C applied by the tool,,PASS,The tool used an unsourced 40 C cap until October 2026 and now applies Harrington's own 0-50 C.
dickie_ellis_1990,all,temperature_rule_vs_measured,10 F rule 6.50x and 5 C rule 8.00x from 5 to 20 C,Ellis-Roberts CH 0.0329 and CQ 0.000478 give 4.71x,0.72,DISAGREE,"Below about 35 C the measured temperature terms give a smaller effect than either reading of Harrington, falling outside the pair (0 C: 1.50x against 1.87-2.00x for cooling from 5 C). From about 38 to 50 C they fall between them. The tool reports the span of all three."
