taxon,rank,common_names,behaviour,propagation,in_scope,provenance,notes
Quercus,genus,oak,recalcitrant,seed,no,ipgri_1996_compendium,"Grouped by Holmes & Buszewicz 1958, as reported in the 1996 compendium, among large desiccation-sensitive seeds requiring moist storage."
Castanea,genus,chestnut,recalcitrant,seed,no,ipgri_1996_compendium,"Grouped by Holmes & Buszewicz 1958, as reported in the 1996 compendium, among large desiccation-sensitive seeds requiring moist storage."
Carya,genus,hickory; pecan,recalcitrant,seed,no,ipgri_1996_compendium,"Grouped by Holmes & Buszewicz 1958, as reported in the 1996 compendium, among large desiccation-sensitive seeds requiring moist storage."
Juglans,genus,walnut,recalcitrant,seed,no,ipgri_1996_compendium,"Grouped by Holmes & Buszewicz 1958, as reported in the 1996 compendium, among large desiccation-sensitive seeds requiring moist storage."
Fagus,genus,beech,recalcitrant,seed,no,ipgri_1996_compendium,"Grouped by Holmes & Buszewicz 1958, as reported in the 1996 compendium, among large desiccation-sensitive seeds requiring moist storage."
Corylus,genus,hazelnut; filbert,recalcitrant,seed,no,ipgri_1996_compendium,"Grouped by Holmes & Buszewicz 1958, as reported in the 1996 compendium, among large desiccation-sensitive seeds requiring moist storage."
Aesculus,genus,buckeye; horsechestnut,recalcitrant,seed,no,ipgri_1996_compendium,"Grouped by Holmes & Buszewicz 1958, as reported in the 1996 compendium, among large desiccation-sensitive seeds requiring moist storage."
Acer,genus,maple,unconfirmed,seed,caution,ipgri_1996_compendium,"Holmes & Buszewicz 1958, as reported in the 1996 compendium, group this genus with seeds that can be stored moist for short periods or dry for long periods. That is not one of the orthodox, intermediate or recalcitrant categories, and species differ. Acer saccharinum is recalcitrant while Acer platanoides is orthodox."
Acer saccharinum,species,silver maple,recalcitrant,seed,no,curated,"Recalcitrant temperate species. Tillotson 1921, cited in the 1996 compendium, lists it among seeds that cannot be stored at all."
Acer platanoides,species,Norway maple,orthodox,seed,yes,ipgri_1996_compendium,Has published viability constants in Appendix I.
Prunus,genus,cherry; peach; plum; apricot,unconfirmed,seed,caution,ipgri_1996_compendium,"Holmes & Buszewicz 1958, as reported in the 1996 compendium, group this genus with seeds that can be stored moist for short periods or dry for long periods. That is not one of the orthodox, intermediate or recalcitrant categories, and species differ."
Pyrus,genus,pear,unconfirmed,seed,caution,ipgri_1996_compendium,"Holmes & Buszewicz 1958, as reported in the 1996 compendium, group this genus with seeds that can be stored moist for short periods or dry for long periods. That is not one of the orthodox, intermediate or recalcitrant categories, and species differ."
Sorbus,genus,mountain-ash,unconfirmed,seed,caution,ipgri_1996_compendium,"Holmes & Buszewicz 1958, as reported in the 1996 compendium, group this genus with seeds that can be stored moist for short periods or dry for long periods. That is not one of the orthodox, intermediate or recalcitrant categories, and species differ."
Fraxinus,genus,ash,unconfirmed,seed,caution,ipgri_1996_compendium,"Holmes & Buszewicz 1958, as reported in the 1996 compendium, group this genus with seeds that can be stored moist for short periods or dry for long periods. That is not one of the orthodox, intermediate or recalcitrant categories, and species differ."
Tilia,genus,basswood; linden,unconfirmed,seed,caution,ipgri_1996_compendium,"Holmes & Buszewicz 1958, as reported in the 1996 compendium, group this genus with seeds that can be stored moist for short periods or dry for long periods. That is not one of the orthodox, intermediate or recalcitrant categories, and species differ."
Carpinus,genus,hornbeam,unconfirmed,seed,caution,ipgri_1996_compendium,"Holmes & Buszewicz 1958, as reported in the 1996 compendium, group this genus with seeds that can be stored moist for short periods or dry for long periods. That is not one of the orthodox, intermediate or recalcitrant categories, and species differ."
Euonymus,genus,euonymus,unconfirmed,seed,caution,ipgri_1996_compendium,"Holmes & Buszewicz 1958, as reported in the 1996 compendium, group this genus with seeds that can be stored moist for short periods or dry for long periods. That is not one of the orthodox, intermediate or recalcitrant categories, and species differ."
Crataegus,genus,hawthorn,unconfirmed,seed,caution,ipgri_1996_compendium,"Holmes & Buszewicz 1958, as reported in the 1996 compendium, group this genus with seeds that can be stored moist for short periods or dry for long periods. That is not one of the orthodox, intermediate or recalcitrant categories, and species differ."
Liriodendron,genus,tulip tree,unconfirmed,seed,caution,ipgri_1996_compendium,"Holmes & Buszewicz 1958, as reported in the 1996 compendium, group this genus with seeds that can be stored moist for short periods or dry for long periods. That is not one of the orthodox, intermediate or recalcitrant categories, and species differ."
Nothofagus,genus,southern beech,unconfirmed,seed,caution,ipgri_1996_compendium,"Holmes & Buszewicz 1958, as reported in the 1996 compendium, group this genus with seeds that can be stored moist for short periods or dry for long periods. That is not one of the orthodox, intermediate or recalcitrant categories, and species differ."
Hevea brasiliensis,species,rubber,recalcitrant,seed,no,ipgri_1996_compendium,Lowest safe temperature 7-10 C.
Mangifera indica,species,mango,recalcitrant,seed,no,ipgri_1996_compendium,Lowest safe temperature 15 C. Killed by 2 C.
Theobroma cacao,species,cacao; cocoa,recalcitrant,seed,no,curated,Classic tropical recalcitrant.
Persea americana,species,avocado,recalcitrant,seed,no,curated,Classic tropical recalcitrant; also normally grafted.
Cocos nucifera,species,coconut,recalcitrant,seed,no,curated,
Litchi chinensis,species,lychee; litchi,recalcitrant,seed,no,curated,
Artocarpus heterophyllus,species,jackfruit,recalcitrant,seed,no,curated,
Garcinia mangostana,species,mangosteen,recalcitrant,seed,no,curated,
Citrus,genus,orange; lemon; lime; grapefruit; citron,intermediate,vegetative,no,curated,"Intermediate storage behaviour, and commercially propagated by grafting onto rootstock rather than from seed."
Coffea,genus,coffee,intermediate,seed,caution,curated,Intermediate; cannot be dried to orthodox moisture contents.
Allium sativum,species,garlic,not_applicable,vegetative,no,curated,Propagated from cloves. Rarely produces viable true seed in cultivation.
Solanum tuberosum,species,potato,not_applicable,vegetative,no,curated,"Propagated from seed tubers. True potato seed exists but is a breeding tool, not a garden input."
Armoracia rusticana,species,horseradish,not_applicable,vegetative,no,curated,Propagated from root cuttings; rarely sets viable seed.
Ipomoea batatas,species,sweet potato,not_applicable,vegetative,no,curated,Propagated from slips.
Allium ascalonicum,species,shallot,not_applicable,vegetative,no,curated,Normally propagated from bulbs.
Musa,genus,banana; plantain,not_applicable,vegetative,no,curated,Edible cultivars are seedless triploids propagated from suckers.
Ananas comosus,species,pineapple,not_applicable,vegetative,no,curated,Propagated from crowns and slips.
Vitis vinifera,species,grape,orthodox,vegetative,caution,curated,"Seed is orthodox and appears in the compendium's desiccation figures, but vines are propagated from cuttings and grafts."
Ficus carica,species,fig,not_applicable,vegetative,no,curated,Propagated from cuttings.
Olea europaea,species,olive,intermediate,vegetative,no,curated,Propagated from cuttings and grafts.
Phoenix dactylifera,species,date palm,orthodox,vegetative,caution,curated,Seed is storable but cultivars are propagated from offshoots.
Fragaria x ananassa,species,strawberry,orthodox,vegetative,caution,curated,Seed is orthodox but garden plants are propagated from runners.
Rheum rhabarbarum,species,rhubarb,orthodox,vegetative,caution,curated,Normally propagated by crown division.
