species,common_names
Abies amabilis,western white fir; western balsam
Abies balsamea,fir pine; silver pine; silver fir; fringed spruce
Abies concolor,white fir; white balsam; balsam fir
Abies fraseri,double fir balsam; double spruce; healing balsam
Abies grandis,sapin gracieux; concolor fir; grand fir; lowland white fir; white fir
Abies guatemalensis,paxaque; pinabete; romerillo
Abies lasiocarpa,subalpine fir; alpine fir; balsam fir; sapin concolore
Abies magnifica,white fir; red bark fir; magnificent fir
Abies procera,noble fir; red fir; white fir; noble red fir
Abies sachalinensis,todo-matsu; akatodo; todomatsu; aotodo; golden fir; yellow-fruited fir; flaky fir; linpi lengshan
Acacia mangium,mangium
Acacia mearnsii,black wattle; green wattle
Acacia melanoxylon,gum arabic tree; longitudinal
Acer circinatum,vine maple; mountain maple
Acer glabrum,bigtooth maple; sugar maple; paperbark maple
Acer macrophyllum,bigleaf maple; broadleaf
Acer negundo,boxelder; ashleaf maple
Acer pensylvanicum,striped maple; moosewood
Acer pseudoplatanus,planetree maple; sycamore maple
Acer rubrum,red maple; soft maple; swamp maple
Acer saccharinum,silver maple; river; maple; soft maple
Acer saccharum,sugar maple; rock; maple; hard maple
Acer spicatum,mountain maple
Alnus rubra,alder; hazel alder; smooth alder; black alder; probably the result of outcrossing; both selfing and apomixis
Amelanchier alnifolia,juneberry; western shadbush; western serviceberry
Amelanchier arborea,common serviceberry; downy serviceberry; shadblow; serviceberry; thicket shadblow; shadbush; thicket serviceberry; juneberry
Amelanchier sanguinea,roundleaf serviceberry
Amorpha californica,mock locust; false indigo
Amorpha canescens,leadplant
Amorpha fruticosa,indigobush
Amorpha nana,dwarf indigobush; fragrant false indigo
Aralia hispida,bristly aralia
Aralia nudicaulis,wild sarsaparilla
Aralia spinosa,devil's-walkingstick; extended by planting in; spikenard; petty
Araucaria columnaris,columnar araucaria
Araucaria cunninghamii,hoop-pine
Araucaria heterophylla,klinki-pine; longitudinal section through a seed
Bauhinia monandra,butterfly bauhinia; pink bauhinia; pink orchidtree
Bauhinia purpurea,purple bauhinia
Bauhinia variegata,orchidtree
Berberis thunbergii,threespine barberry; warty barberry
Berberis vulgaris,common barberry
Betula alleghaniensis,yellow birch; northern birch
Betula lenta,sweet birch; black birch; monarch birch; dwarf white birch
Betula nana,bog birch; swamp birch; dwarf birch
Betula nigra,river birch; black birch; water birch
Betula papyrifera,paper birch; canoe birch; silver birch; white birch
Betula populifolia,gray birch; white birch
Betula pubescens,downy birch
Betula pumila,swamp birch; glandulose birch; bog birch; roundleaf birch; northwestern paper birch
Carpinus caroliniana,heartleaf hornbeam; nutlet with involucre removed; longitudinal section through a nutlet; lected; spread out in thin layers in a cool; well-aerated room
Carya aquatica,water hickory; bitter pecan; swamp hickory
Carya cordiformis,bitternut hickory; bitternut; swamp hickory; pignut
Carya glabra,pignut hickory; sweet pignut; pignut; swamp hickory
Carya illinoensis,pecan; sweet pecan; nuez; encarcelada
Carya laciniosa,shellbark hickory; bigleaf; shagbark hickory; big shellbark
Carya myristiciformis,nutmeg hickory; bitter water; hickory; swamp hickory
Carya ovata,shagbark hickory; scalybark; sand hickory; pale hickory; pallid hickory
Catalpa bignonioides,southern catalpa; common
Catalpa longissima,roble de olor; chenn
Catalpa speciosa,northern catalpa; hardy; catalpa; western catalpa; seed; longitudinal
Ceanothus americanus,feltleaf ceanothus
Ceanothus cordulatus,mountain whitethorn; hoaryleaf ceanothus; buckbrush ceanothus; trailing ceanothus; pinemat
Ceanothus impressus,deerbrush ceanothus; sweet-birch; blue bush; chaparral whitethorn; bigpod ceanothus; hairy ceanothus; jimbrush; prostrate ceanothus
Ceanothus sanguineus,redstem ceanothus
Ceanothus sorediatus,jimbrush ceanothus; jimbrush; blueblossom; wild lilac
Ceanothus velutinus,snowbrush ceanothus; varnish-leaf ceanothus; longitudinal section through a seed
Cedrus deodara,deodar cedar
Celtis laevigata,sugarberry; sugar hackberry; hackberry; palo blanco; netleaf hackberry; western hackberry; palo
Celtis occidentalis,common hackberry; hackberry; sugarberry; northern hackberry
Cercis canadensis,eastern redbud
Cercis orbiculata,western redbud
Chamaecyparis thyoides,white-cedar; swamp-cedar
Clematis columbiana,rock clematis; mountain clematis; purple clematis
Clematis flammula,plume clematis
Clematis ligusticifolia,western virgin's-bower; western clematis; traveler's-joy
Clematis pauciflora,rope-vine
Clematis virginiana,eastern virgin's-bower
Clematis vitalba,traveler's-joy; old-man's-beard
Clematis viticella,achenes with styles still attached; longitudinal section through an achene
Cornus alternifolia,alternate-leaf dogwood; blue dogwood; pagoda dogwood
Cornus amomum,silky dogwood; kinnikinnik; red-willow
Cornus canadensis,bunchberry; dogwood; dwarf cornel; giant dogwood
Cornus drummondii,roughleaf dogwood
Cornus florida,flowering dogwood; dogwood
Cornus kousa,bigleaf dogwood
Cornus mas,cornelian-cherry
Cornus nuttallii,flowering dogwood
Cornus racemosa,gray dogwood; western dogwood
Cornus rugosa,roundleaf dogwood; roundleaved dogwood; roundleaf cornel
Cornus sanguinea,bloodtwig dogwood; common; dogwood; dogberry; pegwood
Cornus sericea,dogwood; kinnikinnik; squawbush; creek dogwood; but
Corylus cornuta,beaked hazel; beaked filbert
Cotoneaster horizontalis,rock cotoneaster; rockspray; cotoneaster; quinceberry
Cotoneaster lucidus,hedge cotoneaster; black cotoneaster; darkseed cotoneaster
Cupressus arizonica,cypress
Cupressus forbesii,tecate cypress
Cupressus goveniana,pygmy cypress
Cupressus torulosa,surai
Diospyros kaki,kaki; keg fir; date-plum
Diospyros lotus,date-plum
Diospyros virginiana,common persimmon; eastern persimmon; itudinal section through a seed
Elaeagnus angustifolia,narrow-leafed oleaster
Elaeagnus commutata,silverberry; wolfberry
Elaeagnus umbellata,autumn-olive; autumn elaeagnus
Euonymus alata,winged spindletree; winged euonymus; corkbush; burning-bush
Euonymus americana,eastern wahoo
Euonymus bungeana,winterberry euonymus
Euonymus obovata,running strawberry-bush
Euonymus verrucosa,warty-bark euonymus
Fraxinus dipetala,two-petal ash; flowering ash; foothill ash
Fraxinus nigra,black ash; basket ash; brown ash; flowering ash; green ash; red ash; swamp ash; water ash
Fraxinus profunda,pumpkin ash; red ash
Fraxinus quadrangulata,blue ash
Fraxinus velutina,velvet ash; desert ash
Ilex aquifolium,possumhaw; deciduous holly
Ilex glabra,inkberry; gallberry; smooth gallberry
Ilex verticillata,common winterberry; winterberry; black alder
Juglans microcarpa,nogal; nogal silvestre; river walnut; black walnut; eastern black walnut
Juniperus ashei,cedar; rock cedar
Juniperus communis,common juniper; dwarf; juniper; prostrate juniper
Juniperus deppeana,alligator juniper; checkered-bark juniper
Juniperus monosperma,oneseed juniper; redberry juniper
Juniperus occidentalis,cherrystone juniper; redberry juniper; western juniper
Juniperus pinchotii,as noted; above; winter for some species
Juniperus virginiana,eastern redcedar; red juniper; savin; southern redcedar
Larix laricina,tamarack; eastern
Larix lyallii,subalpine larch
Larix occidentalis,western larch; hackmatack
Larix sibirica,tions of western larch for growth; phenology; and cold hardi-; trolling yield of seeds; and germination
Lycium barbarum,matrimony vine
Magnolia acuminata,cucumber magnolia; cucumbertree; yellow
Magnolia fraseri,mountain magnolia
Magnolia grandiflora,southern magnolia; evergreen magnolia; bull bay
Magnolia macrophylla,bigleaf magnolia
Magnolia portoricensis,pyramid magnolia; shining magnolia
Magnolia tripetala,umbrella magnolia
Magnolia virginiana,sweetbay; swamp-laurel; sweetbay magnolia; southern; evergreen sweetbay; cold
Mahonia aquifolium,hollyleaf barberry; leatherleaf mahonia
Mahonia haematocarpa,red barberry
Mahonia nevinii,cluster mahonia
Mahonia repens,creeping barberry
Morus alba,mulberry; silkworm mulberry
Morus rubra,red mulberry
Nyssa aquatica,water tupelo; tupelo-gum; sourgum; cotton-gum
Nyssa biflora,swamp tupelo
Nyssa sylvatica,blackgum; swamp; black-gum; black tupelo
Picea asperata,dragon spruce
Picea engelmannii,mountain spruce
Picea glauca,spruce; skunk spruce
Picea jezoensis,yezo spruce
Picea mariana,black spruce; bog spruce
Picea rubens,spruce; eastern spruce; yellow spruce; he-balsam
Picea sitchensis,tideland spruce; yellow spruce
Picea smithiana,tions or extremes in crown height; shape and symmetry; between white; red; and blue spruces later verified the; hybridity of the seedlings; evaluated the utility of spruce; hybrids; spruce; of cones; needles; twigs; percentage survival; and growth; such as; uplands adjacent to peatlands; exhibited similarity in; trast; years
Pinus albicaulis,whitebark pine
Pinus aristata,bristlecone pine
Pinus arizonica,ponderosa pine
Pinus armandii,knobcone pine
Pinus balfouriana,foxtail pine; hickory pine
Pinus banksiana,jack pine; scrub pine; banksiana pine
Pinus cembra,cembrian pine
Pinus cembroides,pinyon; nut pine; two-needle pinyon
Pinus clausa,sand pine; scrub pine; spruce pine
Pinus contorta,shore pine; coast; pine; beach pine; lodgepole pine
Pinus echinata,shortleaf pine
Pinus elliottii,slash pine; pitch pine; swamp pine; yellow slash pine
Pinus flexilis,pine; border limber
Pinus gerardiana,chilgoza pine
Pinus glabra,spruce pine; cedar pine
Pinus heldreichii,graybark pine
Pinus lambertiana,sugar pine
Pinus leiophylla,yellow pine
Pinus monticola,western white pine
Pinus mugo,pine; mugho
Pinus muricata,bishop pine; prickle-cone pine
Pinus nigra,pine; black pine
Pinus palustris,longleaf pine; southern pine
Pinus pinaster,maritime pine; cluster pine; pinaster pine
Pinus pinea,pine; western yellow; ponderosa pine
Pinus radiata,radiata pine
Pinus resinosa,pitch pine
Pinus serotina,pond pine; marsh; bay pine; pocosin pine
Pinus strobiformis,southwestern white
Platanus occidentalis,planetree; buttonwood
Platanus orientalis,oriental planetree
Prosopis juliflora,screwbean mesquite; velvet mesquite; mesquite; mesquite seeds; like those of most leguminous species; are; tests; sandpaper; vary by year or seed source; however; and acid scarification; to determine the best treatment period
Prunus angustifolia,apricot; mazzard cherry
Prunus cerasus,pie cherry
Prunus domestica,cherry plum; flowering plum; garden plum; plum; bullace plum; damson; damson plum; almond; occasional escape from cultivation
Prunus emarginata,bitter cherry; wild cherry; narrowleaf cherry; desert almond; desert apricot; hortulan plum
Prunus ilicifolia,hollyleaf cherry; islay; evergreen cherry; have large stones and little flesh; while the pits are smaller
Prunus mahaleb,mahaleb cherry; beach plum
Prunus munsoniana,wildgoose plum
Prunus padus,cherry; mayday tree
Prunus pensylvanica,pin cherry; fire; cherry; wild red cherry; bird cherry; peach; common peach; sand cherry; western sand cherry; black cherry; rum
Prunus spinosa,sloe; blackthorn
Prunus tomentosa,downy cherry; hog plum
Prunus virginiana,cherry; wild cherry; wild black cherry; common choke; and in early ripen-; this stage begins
Pseudotsuga macrocarpa,bigcone-spruce; desert-fir
Psorothamnus spinosus,smoketree; smokebush
Pyrus communis,common pear
Pyrus cordata,heart-leaf pear
Pyrus elaeagrifolia,elaeagnus-leaf pear
Pyrus koehnii,evergreen pear
Pyrus nivalis,snow pear
Pyrus salicifolia,willow-leaf pear
Quercus acutissima,white; black
Quercus bicolor,white
Quercus cerris,white
Quercus coccinea,black
Quercus douglasii,white
Quercus dumosa,white
Quercus ellipsoidalis,black
Quercus falcata,black; white
Quercus ilicifolia,black
Quercus imbricaria,black
Quercus incana,black
Quercus kelloggii,black
Quercus laevis,black
Quercus laurifolia,black
Quercus lobata,white
Quercus lyrata,white
Quercus muehlenbergii,white
Quercus nigra,black
Quercus pagoda,black
Quercus palustris,black
Quercus petraea,white; sessile oak
Quercus phellos,black
Quercus prinus,white
Quercus robur,white
Quercus rubra,black; red; common red
Quercus shumardii,black; white
Quercus stellata,white
Quercus texana,black
Quercus turbinella,white
Quercus vaccinifolia,white
Quercus variabilis,black
Quercus velutina,black
Quercus virginiana,white
Quercus wislizenii,black; long enough to take up the chemical; and a quick rinse after; blue oak; chestnut; white
Rhus copallina,shining sumac; winged; false poison sumac; desert sumac; scrub sumac
Rhus glabra,smooth sumac; scarlet sumac
Rhus hirta,staghorn sumac; velvet sumac
Rhus integrifolia,lemonade sumac; sourberry; lemonade berry; prairie sumac
Rhus ovata,sugarbush; sugar sumac
Rhus trilobata,skunkbush; ill-scented sumac; evergreen sumac; tobacco; poison-oak; poison-ivy; poison-sumac; swamp sumac; poison elder; laurel-sumac; fol-
Ribes aureum,golden currant; slender golden currant; clove currant; buffalo currant
Ribes cereum,wax currant; squaw currant
Ribes cynosbati,pasture gooseberry; eastern prickly gooseberry
Ribes hudsonianum,currant; northern black currant
Ribes inerme,white-stem gooseberry
Ribes lacustre,prickly currant; swamp gooseberry; mountain gooseberry
Ribes montigenum,gooseberry currant; alpine prickly currant
Ribes nevadense,inland black gooseberry
Ribes roezlii,roundleaf gooseberry
Ribes sanguineum,winter currant; red flowering currant; blood currant
Ribes viscosissimum,sticky currant
Robinia hispida,bristly locust; mossy locust; locust
Robinia pseudoacacia,black locust; clammy locust
Rubus arcticus,nangoon berry; arctic
Rubus canadensis,smooth blackberry; thornless blackberry; mountain blackberry
Rubus chamaemorus,cloudberry; bake-apple
Rubus hispidus,swamp dewberry; running blackberry
Rubus idaeus,red raspberry
Rubus laciniatus,cutleaf blackberry; evergreen blackberry
Rubus occidentalis,blackcap raspberry
Rubus odoratus,fragrant thimbleberry; flowering raspberry
Rubus parviflorus,thimbleberry; western
Rubus spectabilis,salmonberry
Rubus ursinus,trailing blackberry
Salix amygdaloides,peachleaf willow; arctic willow; weeping willow
Salix caroliniana,coastal plain willow; pussy willow; cordate willow
Salix exigua,coyote willow; white willow; sandbar willow; arroyo willow; yellow willow; black willow
Salix petiolaris,meadow willow; diamondleaf willow; creeping willow
Salvia apiana,white sage
Salvia dorrii,purple sage
Salvia mellifera,black sage
Salvia sonomensis,creeping sage; ponderosa pine forest; nutlets; other species; such as creeping sage; may have a chilling; centages for black sage; but the results were inconsistent
Sambucus racemosa,scarlet elder; red elder; redberried elder
Sorbus americana,mountain-ash; large-fruited mountain-ash; western mountain-ash
Sorbus aucuparia,rowan-tree; rowan
Sorbus decora,showy mountain-ash; mountain-ash
Sorbus sitchensis,western mountain-ash
Styrax americanus,bigleaf snowbell
Styrax obassia,fragrant snowbell
Swietenia macrophylla,bigleaf mahogany; hybrid mahogany
Symphoricarpos orbiculatus,mountain snowberry
Syringa vulgaris,common lilac
Taxus baccata,common yew; eastern yew
Tilia americana,white basswood
Tilia cordata,littleleaf linden; small-leaved; linden; lime; pendent silver linden
Tilia platyphyllos,bigleaf linden; large-leaved; lime; largeleaf linden
Tilia tomentosa,white linden
Tsuga canadensis,eastern hemlock
Tsuga heterophylla,western hemlock
Tsuga mertensiana,mountain hemlock
Ulmus alata,winged elm; cork elm
Ulmus crassifolia,cedar elm; basket elm; red
Ulmus parvifolia,lacebark elm
Ulmus rubra,slippery elm; grey elm
Ulmus thomasii,rock elm; cork elm
Viburnum acerifolium,mapleleaf viburnum; dock-mackie
Viburnum dentatum,southern arrowwood; roughish; arrowwood; arrowwood viburnum
Viburnum lantana,wayfaringtree; wristwood
Viburnum lantanoides,hobblebush; viburnum; moosewood; tangle legs; witch-hobble
Viburnum lentago,nannyberry; blackhaw
Viburnum nudum,possumhaw; swamphaw; witherod viburnum; wild-raisin; witherod
Viburnum opulus,highbush-cranberry
Viburnum prunifolium,blackhaw; stagbush; sweethaw; downy arrowwood; smooth arrowwood
Viburnum rufidulum,rusty blackhaw; southern
Zanthoxylum americanum,common prickly-ash
Zanthoxylum martinicense,espino rubial; pino macho
